{"temp": {"mean": 15.2103125, "std": 9.264784673658072}, "dew": {"mean": 7.75075, "std": 10.026459026639618}, "humidity": {"mean": 63.92784375, "std": 19.0794193619743}, "windspeed": {"mean": 13.0825, "std": 7.75665180858015}, "cloudcover": {"mean": 64.322375, "std": 32.74886932606544}, "visibility": {"mean": 15.344124999999998, "std": 2.323736824576674}}